id,disposition,submission_requirement,tasks,acceptance_cases,evidence_status,teacher_revision_status
FR-01,REVISED,Verified first Google login creates one active BUYER linked to the provider identity. No first-login role selector grants Seller/staff rights.,01;12,Q01;Q02,NOT_RUN,PENDING_ACKNOWLEDGEMENT
FR-02,RETAINED,Existing users authenticate through Google; profile display-name edits persist across subsequent logins.,01;07;12,Q02;Q20,NOT_RUN,PENDING_ACKNOWLEDGEMENT
FR-03,REVISED,"Private profile displays backend name/email/role/status. Active users edit their own display name only. Password changes, avatar, address book and self-service account deletion are deferred.",07,Q20;Q21,NOT_RUN,PENDING_ACKNOWLEDGEMENT
FR-04,RETAINED,Buyer requests Seller approval in Profile; identity/bank demonstration evidence stays private. Existing Admin verification decision governs Seller capability. Demo fixtures use synthetic identity data.,01;06,Q02;Q03,NOT_RUN,PENDING_ACKNOWLEDGEMENT
FR-05,RETAINED,Approved active Seller publishes a listing with the fields/images required by the existing product contract. Buyer or unapproved Seller cannot publish.,01,Q03,NOT_RUN,PENDING_ACKNOWLEDGEMENT
FR-06,REVISED,Fixed-price sale only. Auction is deferred.,01,Q03,NOT_RUN,PENDING_ACKNOWLEDGEMENT
FR-07,RETAINED,Owning Seller edits/cancels listings only in permitted unreserved states. Reserved/sold stock cannot be reopened through an edit.,01,Q03,NOT_RUN,PENDING_ACKNOWLEDGEMENT
FR-08,REVISED,"Guest and signed-in users search/browse the public catalog and use retained, implemented category filters. Advanced brand/price/size/condition filters are deferred.",01,Q01,NOT_RUN,PENDING_ACKNOWLEDGEMENT
FR-09,REVISED,Product detail shows actual product data and persisted seller review aggregates/list. No separate trust-score algorithm or synthetic API-mode ratings.,01;08,Q01;Q23,NOT_RUN,PENDING_ACKNOWLEDGEMENT
FR-10,RETAINED,"Eligible Buyer, including Seller acting as Buyer, creates an Order from validated quote/address snapshots. Reservation prevents simultaneous purchases of the same stock.",01,Q04;Q05,NOT_RUN,PENDING_ACKNOWLEDGEMENT
FR-11,REVISED,Explicitly simulated payment persists successful Payment/Receipt/Escrow once. Timeout/retry is resolved from backend state; no real PromptPay/card/banking is claimed.,01,Q04,NOT_RUN,PENDING_ACKNOWLEDGEMENT
FR-12,RETAINED,Successful payment holds the complete Order amount until one eligible RELEASE or REFUND.,01;04,Q04;Q17,NOT_RUN,PENDING_ACKNOWLEDGEMENT
FR-13,RETAINED,Owning Seller supplies a validated immutable return-address snapshot before sending the paid item to the inspection center. Shipping is rejected at/after the no-ship deadline.,02;03;05;06,Q06;Q16,NOT_RUN,PENDING_ACKNOWLEDGEMENT
FR-14,REVISED,New-policy Seller dispatches TO_CENTER and assigned Inspector dispatches the server-selected final leg with carrier/tracking and immutable destination. Actual recipients confirm receipt; no Courier account or shipping photo is required. Historical Courier/proof policy remains for legacy Orders.,03;06,Q06;Q10;Q11,NOT_RUN,PENDING_ACKNOWLEDGEMENT
FR-15,REVISED,Authorized active center Inspector records actual center receipt through POST /inspections/{id}/receive using a matching audited command and fresh server time. New policy requires no Courier proof; private inspection evidence remains required for final results.,03;06,Q06,NOT_RUN,PENDING_ACKNOWLEDGEMENT
FR-16,RETAINED,"Assigned Inspector evaluates authenticity, condition and description match. Final result is PASS, MINOR_ISSUE, NOT_AS_DESCRIBED or FAKE.",01;03,Q07,NOT_RUN,PENDING_ACKNOWLEDGEMENT
FR-17,RETAINED,Final result and required private evidence are persisted with valid ownership and immutable final history.,01;03,Q07;Q18,NOT_RUN,PENDING_ACKNOWLEDGEMENT
FR-18,REVISED,Buyer reads the committed result/evidence through the authorized result screen and refresh. Push/email/inbox delivery is not claimed.,01;06,Q07;Q08,NOT_RUN,PENDING_ACKNOWLEDGEMENT
FR-19,REVISED,"Owning Buyer records one CONFIRM or REJECT for PASS/MINOR_ISSUE strictly before persisted atomic result availability+72h. At/after cutoff SYSTEM timeout authorizes TO_SELLER without creating a Buyer decision, dispatch or settlement. Negative results return directly; committed replay remains readable.",01;03;05;06,Q08;Q15;Q17;Q19,NOT_RUN,PENDING_ACKNOWLEDGEMENT
FR-20,REVISED,"PASS/MINOR_ISSUE certificate is issued atomically with final inspection, before Buyer decision. Negative results never issue a qualifying certificate.",01,Q07;Q08,NOT_RUN,PENDING_ACKNOWLEDGEMENT
FR-21,RETAINED,Certificate uses an opaque public token/QR pointing to the reachable HTTPS certificate origin.,01;10,Q09,NOT_RUN,PENDING_ACKNOWLEDGEMENT
FR-22,RETAINED,Any person verifies public certificate status without login. Public views exclude identity/address/private evidence. Invalid tokens are not valid certificates.,01;10;12,Q09,NOT_RUN,PENDING_ACKNOWLEDGEMENT
FR-23,RETAINED,"Active Admin revokes an incorrect certificate through a reasoned audited command. Public/native views show REVOKED. Revocation does not rewrite inspection, receipt or settlement.",09,Q24,NOT_RUN,PENDING_ACKNOWLEDGEMENT
FR-24,REVISED,"New-policy owning Buyer confirms actual receipt after authorized TO_BUYER dispatch even without a carrier event, subject to an existing deadline. AUTO requires trusted Admin demo TO_BUYER delivered time+72h and no missing report. One RELEASE preserves the original 5% item commission; legacy proof policy remains.",04;05;06,Q10;Q13;Q14;Q17,NOT_RUN,PENDING_ACKNOWLEDGEMENT
FR-25,REVISED,"New-policy positive-result rejection or SYSTEM result timeout refunds the item snapshot only after actual Seller or scoped audited Admin return receipt, retaining original inspection/shipping fees once with payout/commission zero. Negative-result, no-ship, Admin non-receipt and legacy refunds remain full. Original Payment/Receipt stays immutable; Product becomes CANCELLED.",03;04;05;06,Q11;Q12;Q16;Q17,NOT_RUN,PENDING_ACKNOWLEDGEMENT
FR-26,REVISED,Successful persisted simulated charge creates a retrievable receipt. A refund has a separate settlement reference. No legally issued tax invoice is represented.,01;04,Q04;Q11,NOT_RUN,PENDING_ACKNOWLEDGEMENT
FR-27,DEFERRED,Auction creation.,00;13,,DEFERRED_SCOPE,PENDING_ACKNOWLEDGEMENT
FR-28,DEFERRED,Auction bidding.,00;13,,DEFERRED_SCOPE,PENDING_ACKNOWLEDGEMENT
FR-29,DEFERRED,Auction bid notifications.,00;13,,DEFERRED_SCOPE,PENDING_ACKNOWLEDGEMENT
FR-30,DEFERRED,Automatic auction closing.,00;13,,DEFERRED_SCOPE,PENDING_ACKNOWLEDGEMENT
FR-31,DEFERRED,Auction winner/payment handling.,00;13,,DEFERRED_SCOPE,PENDING_ACKNOWLEDGEMENT
FR-32,DEFERRED,Buyer/Seller chat.,00;13,,DEFERRED_SCOPE,PENDING_ACKNOWLEDGEMENT
FR-33,DEFERRED,Push/email/inbox notifications. Result visibility remains FR-18 through API screens.,00;13,,DEFERRED_SCOPE,PENDING_ACKNOWLEDGEMENT
FR-34,DEFERRED,Chatbot.,00;13,,DEFERRED_SCOPE,PENDING_ACKNOWLEDGEMENT
FR-35,DEFERRED,Chatbot handoff to staff.,00;13,,DEFERRED_SCOPE,PENDING_ACKNOWLEDGEMENT
FR-36,DEFERRED,Wishlist.,00;13,,DEFERRED_SCOPE,PENDING_ACKNOWLEDGEMENT
FR-37,REVISED,"Revised: actual active Order Buyer submits one seller rating 1–5 and optional purchase/item-experience comment after COMPLETED plus RELEASED. No separate product/inspection scores, photos, tags or replies.",08,Q22;Q23,NOT_RUN,PENDING_ACKNOWLEDGEMENT
FR-38,DEFERRED,Inspection-service reviews.,00;13,,DEFERRED_SCOPE,PENDING_ACKNOWLEDGEMENT
FR-39,DEFERRED,General post-delivery item disputes; only the narrow non-receipt delivery report is retained.,00;13,,DEFERRED_SCOPE,PENDING_ACKNOWLEDGEMENT
FR-40,DEFERRED,General seller reporting.,00;13,,DEFERRED_SCOPE,PENDING_ACKNOWLEDGEMENT
FR-41,REVISED,"Retain Seller approval, necessary assignment, scoped audited delivery/return exceptions, Admin demo shipping events and certificate revocation. General user administration and automatic suspension refunds are deferred; existing account guards remain.",06;09,Q02;Q14;Q24,NOT_RUN,PENDING_ACKNOWLEDGEMENT
FR-42,REVISED,"General unrestricted Order/refund/dispute administration is deferred. Retain only scoped audited non-receipt resolution, return-confirmation exceptions with same-case evidence/reason and explicitly configured Admin demo shipping events; clients cannot choose amounts or recipients.",03;04;06,Q11;Q14;Q18,NOT_RUN,PENDING_ACKNOWLEDGEMENT
FR-43,DEFERRED,Advanced fee-setting administration. Existing Order fee snapshots remain authoritative.,00;13,,DEFERRED_SCOPE,PENDING_ACKNOWLEDGEMENT
FR-44,DEFERRED,System analytics/dashboard.,00;13,,DEFERRED_SCOPE,PENDING_ACKNOWLEDGEMENT
FR-45,DEFERRED,Seller analytics/dashboard beyond retained progress/payout views.,00;13,,DEFERRED_SCOPE,PENDING_ACKNOWLEDGEMENT
FR-46,DEFERRED,Category/brand/FAQ/policy/content administration.,00;13,,DEFERRED_SCOPE,PENDING_ACKNOWLEDGEMENT
FR-47,DEFERRED,Separate trust-score system. Seller review average is not a trustScore claim.,00;13,,DEFERRED_SCOPE,PENDING_ACKNOWLEDGEMENT
FR-48,DEFERRED,Wallet/bank withdrawal.,00;13,,DEFERRED_SCOPE,PENDING_ACKNOWLEDGEMENT
FR-49,DEFERRED,Inspection appeals.,00;13,,DEFERRED_SCOPE,PENDING_ACKNOWLEDGEMENT
NFR-01,REVISED,"Demo performance: measure cold catalog/API timings on the actual phone/network and report them. The historical 500 concurrent sessions/10,000 products/3-second guarantee is deferred, not asserted without load evidence.",01;11;12,Q01;Q26,NOT_RUN,PENDING_ACKNOWLEDGEMENT
NFR-02,DEFERRED,Auction performance deferred with auctions.,00;13,,DEFERRED_SCOPE,PENDING_ACKNOWLEDGEMENT
NFR-03,REVISED,"Product images retain the existing up-to-10, 5 MiB each validated contract. New-policy shipping photos are optional and no Courier photos are required; legacy delivery confirmation retains 1–3 selected private proofs. Private inspection/identity images still require authorization.",01;03;11,Q03;Q18,NOT_RUN,PENDING_ACKNOWLEDGEMENT
NFR-04,RETAINED,"Reachable HTTPS API/QR, verified Google identity, server role/ownership enforcement, private sensitive Storage, bounded reads, protected secrets, audited critical commands and redacted public views. App stores no separate password.",01;03;04;09;10;11,Q02;Q17;Q18;Q24,NOT_RUN,PENDING_ACKNOWLEDGEMENT
NFR-05,REVISED,"Revised prototype privacy: readable policy and accurate persisted acknowledgement, private access and manual administrator request contact. Full commercial compliance/export/delete tooling is deferred.",07;10;13,Q18;Q21,NOT_RUN,PENDING_ACKNOWLEDGEMENT
NFR-06,RETAINED,"Installable standalone APK with bundled JavaScript; real 5–7 inch Android check for guest/login, both journeys, camera/gallery, back/keyboard and profile/reviews. No Metro dependency for final use.",06;12,Q10;Q11;Q26,NOT_RUN,PENDING_ACKNOWLEDGEMENT
NFR-07,REVISED,"Thai primary UI; observe discovery and Seller-listing usability in a rehearsal and report actual timings/limitations, rather than asserting targets from mock screens.",06;11;13,Q01;Q03;Q26,NOT_RUN,PENDING_ACKNOWLEDGEMENT
NFR-08,REVISED,"Production 99.5% availability and 30-day backup policy deferred. Submission requires isolated backup/restore rehearsal, runtime health, restart/recovery and a concrete safe migration procedure.",05;10,Q19;Q25,NOT_RUN,PENDING_ACKNOWLEDGEMENT
NFR-09,REVISED,"Production 50,000-product/20,000-account scale deferred. Retained reads are bounded/paginated with appropriate keys/indexes; no untested scalability guarantee.",01;08;11,Q05;Q23,NOT_RUN,PENDING_ACKNOWLEDGEMENT
NFR-10,REVISED,"Six bounded restart-safe no-HTTP jobs: unpaid expiry, receipt release, Seller no-ship refund, return-refund retry, inspection overdue escalation and positive-result decision timeout. Preserve old progress IDs 1–5 and add result-timeout ID6; dry-run writes nothing; fresh DB clock after locks governs cutoffs.",03;04;05,Q05;Q13;Q14;Q15;Q16;Q19,NOT_RUN,PENDING_ACKNOWLEDGEMENT
